"id","model","embedding_model","total_input_tokens","total_output_tokens","total_total_tokens","total_duration","typification","taxonomy","taxonomy_description","branch","branch_description","feedback","feedback_description","input_tokens","output_tokens","total_tokens","duration"
"2a94fedd-b764-4084-a959-e59e15ea0416","gemini-2.0-flash","models/text-embedding-004","23519","5294","28813","47.293119790999754","","Objeto da licitação","Campo do edital onde deve ser informado de maneira clara e objetiva o objeto que a adminsitração pública deseja licitar","Definição do objeto a ser licitado","Descrição Descreve o objeto da licitação a ser contratada de forma clara e objetiva, evitando direcionamento ou favorecimento no certame","True","1. Sim, o critério específico está contemplado no edital. Várias seções do edital contribuem para a definição do objeto a ser licitado, embora não haja uma seção explicitamente intitulada ""Definição do objeto a ser licitado"". As seções relevantes incluem:
    *   Cláusula 5.2: Especifica que a CONTRATADA deve ofertar produtos que obedeçam às especificações descritas no mapa comparativo anexo ao processo.
    *   Cláusula 5.3: Detalha as condições de entrega dos itens, incluindo a exigência de estarem em perfeito estado e livres de defeitos.
    *   Cláusula 8.14: Exige o preenchimento de campos no sistema eletrônico, incluindo valor unitário e total do item, marca/fabricante (quando cabível), e a apresentação da descrição detalhada do objeto em PDF, similar à especificação do Termo de Referência.
    *   Cláusula 10.12: Permite a colheita de manifestação escrita do setor requisitante ou área especializada para análise da proposta quanto ao cumprimento das especificações.
    *   Cláusulas 10.13-10.17: Detalham o processo de apresentação e avaliação de amostras, quando exigido.

2. A relevância desse critério é alta, pois a definição clara e objetiva do objeto da licitação é fundamental para garantir a seleção da proposta mais vantajosa para a administração pública. Sem uma definição precisa, há o risco de propostas que não atendam às necessidades da administração serem consideradas, ou de direcionamento do certame.

3. Recomendações para aprimorar a inclusão ou a descrição desse critério no edital:
    *   Criar uma seção específica intitulada ""Definição do Objeto da Licitação"" ou similar, consolidando todas as informações relevantes sobre o objeto, suas especificações técnicas, requisitos de qualidade, e critérios de aceitação.
    *   Garantir que o Termo de Referência (mencionado em diversas cláusulas) contenha uma descrição detalhada e inequívoca do objeto, evitando ambiguidades ou margem para interpretações subjetivas.
    *   Ser mais explícito quanto à proibição de direcionamento ou favorecimento no certame, reforçando a necessidade de especificações neutras e objetivas.","1835","339","2174","3.255198167999879"
"2a94fedd-b764-4084-a959-e59e15ea0416","gemini-2.0-flash","models/text-embedding-004","23519","5294","28813","47.293119790999754","","Participação na Licitação","Estabelece as condições que os interessados em participar da licitação devem atender, tais como atividade compatível com objeto a ser licitado, cadastramento prévio no SICAF, definição do para cadastramento no SICAF; Situações sobre ME ou EPP","Cadastro no SICAF e ramo de atividade compatível","Descrição Estabelece as condições para o licitante, tais como cadastro prévio no SICAF e ramo de atuação compatível ao objeto a ser licitado","True","1. Sim, o critério específico está contemplado no edital. Várias seções do edital contribuem para a definição do objeto a ser licitado, embora não haja uma seção explicitamente intitulada ""Definição do objeto a ser licitado"". As seções relevantes incluem:
    *   Cláusula 5.2: Especifica que a CONTRATADA deve ofertar produtos que obedeçam às especificações descritas no mapa comparativo anexo ao processo.
    *   Cláusula 5.3: Detalha as condições de entrega dos itens, incluindo a exigência de estarem em perfeito estado e livres de defeitos.
    *   Cláusula 8.14: Exige o preenchimento de campos no sistema eletrônico, incluindo valor unitário e total do item, marca/fabricante (quando cabível), e a apresentação da descrição detalhada do objeto em PDF, similar à especificação do Termo de Referência.
    *   Cláusula 10.12: Permite a colheita de manifestação escrita do setor requisitante ou área especializada para análise da proposta quanto ao cumprimento das especificações.
    *   Cláusulas 10.13-10.17: Detalham o processo de apresentação e avaliação de amostras, quando exigido.

2. A relevância desse critério é alta, pois a definição clara e objetiva do objeto da licitação é fundamental para garantir a seleção da proposta mais vantajosa para a administração pública. Sem uma definição precisa, há o risco de propostas que não atendam às necessidades da administração serem consideradas, ou de direcionamento do certame.

3. Recomendações para aprimorar a inclusão ou a descrição desse critério no edital:
    *   Criar uma seção específica intitulada ""Definição do Objeto da Licitação"" ou similar, consolidando todas as informações relevantes sobre o objeto, suas especificações técnicas, requisitos de qualidade, e critérios de aceitação.
    *   Garantir que o Termo de Referência (mencionado em diversas cláusulas) contenha uma descrição detalhada e inequívoca do objeto, evitando ambiguidades ou margem para interpretações subjetivas.
    *   Ser mais explícito quanto à proibição de direcionamento ou favorecimento no certame, reforçando a necessidade de especificações neutras e objetivas.","1835","339","2174","3.255198167999879"
"2a94fedd-b764-4084-a959-e59e15ea0416","gemini-2.0-flash","models/text-embedding-004","23519","5294","28813","47.293119790999754","","Participação na Licitação","Estabelece as condições que os interessados em participar da licitação devem atender, tais como atividade compatível com objeto a ser licitado, cadastramento prévio no SICAF, definição do para cadastramento no SICAF; Situações sobre ME ou EPP","Condições especiais sobre Micros e Pequenas Empresas","Descrição Estabelece as condições de acordo com a lei complementar 123/ sobre a participação de interessados na condição de micro ou pequenas empresas
","True","1. Sim, o critério específico ""Cadastro no SICAF e ramo de atividade compatível"" está contemplado no edital. Ele é abordado na seção ""VII – CONDIÇÕES DE PARTICIPAÇÃO:"", onde menciona que ""Somente serão admitidas a participar da licitação as empresas, que apresentarem os interessados credenciados, que atenderem a todas as exigências de habilitação contidas neste edital e seus anexos e que pertençam ao ramo de atividade pertinente ao objeto licitado;"".

2. A relevância desse critério é alta, pois ele estabelece uma das condições fundamentais para que uma empresa possa participar da licitação. Garante que apenas empresas com capacidade técnica e legal para executar o objeto da licitação sejam consideradas, aumentando as chances de sucesso na execução do contrato.

3. Para aprimorar a inclusão ou descrição desse critério, recomenda-se:
    *   **Especificar os requisitos de cadastramento no SICAF:** O edital poderia detalhar quais níveis de cadastramento no SICAF são necessários (ex: credenciamento, habilitação parcial, habilitação completa) e quais documentos devem ser apresentados para comprovar o cadastro.
    *   **Definir o que se entende por ""ramo de atividade pertinente"":** Para evitar ambiguidades e contestações, o edital poderia listar os códigos da Classificação Nacional de Atividades Econômicas (CNAE) que são considerados compatíveis com o objeto da licitação. Isso daria mais clareza aos licitantes e facilitaria a análise da compatibilidade pela comissão de licitação.","1872","302","2174","3.3487314450003396"
"2a94fedd-b764-4084-a959-e59e15ea0416","gemini-2.0-flash","models/text-embedding-004","23519","5294","28813","47.293119790999754","","Participação na Licitação","Estabelece as condições que os interessados em participar da licitação devem atender, tais como atividade compatível com objeto a ser licitado, cadastramento prévio no SICAF, definição do para cadastramento no SICAF; Situações sobre ME ou EPP","informação sobre vedação quanto a não participar do certame","Descrição Informa no edital as questões relativas ao impedimento na licitação, sobre atividade incompatível com edital; cooperativas se for o caso, empresas estrangeiras sem representação no Brasil, autor de anteprojeto, projeto básico ou executivo pessoa física ou jurídica quando a licitação versar sobre serviços ou fornecimento de bens a ele relacionados; empresa isoladamente ou em consórcio responsável pela elaboração do projeto básico; pessoa física ou jurídica sob sanção ou punição aplicada
","True","1. Sim, o critério específico está contemplado no edital. Ele aparece em diversas seções, como:
   - Item 6.1.6: Menciona o tratamento favorecido para microempresas, empresas de pequeno porte, MEI e sociedades cooperativas, nos limites da Lei Complementar nº 123/2006 e Lei nº 14.133/2021.
   - Anexo VIII: Apresenta um modelo de declaração de enquadramento como Microempresa ou Empresa de Pequeno Porte.
   - Item 9.19: Detalha o processo de verificação automática do porte da empresa junto à Receita Federal e o tratamento diferenciado em caso de empate.

2. A relevância desse critério é alta, pois o edital demonstra preocupação em dar tratamento diferenciado e favorecido às micro e pequenas empresas, conforme previsto na legislação brasileira. Isso visa promover o desenvolvimento econômico local e ampliar a participação dessas empresas em licitações públicas, cumprindo com o disposto na Lei Complementar nº 123/2006 e na Lei nº 14.133/2021.

3. Recomendações para aprimorar a inclusão/descrição:
    *   Consolidar as informações sobre o tratamento diferenciado em uma seção específica do edital, facilitando a consulta e compreensão por parte dos licitantes.
    *   Detalhar os benefícios específicos concedidos às micro e pequenas empresas, como a preferência no desempate e a possibilidade de regularização fiscal posterior.
    *   Incluir um glossário com os termos técnicos relacionados ao tratamento diferenciado, como ""faixa de 5%"", ""desempate ficto"", etc.
    *   Esclarecer o procedimento para comprovação do enquadramento como ME ou EPP, incluindo os documentos necessários e os prazos para apresentação.","1432","362","1794","3.492103694999969"
"2a94fedd-b764-4084-a959-e59e15ea0416","gemini-2.0-flash","models/text-embedding-004","23519","5294","28813","47.293119790999754","","Participação na Licitação","Estabelece as condições que os interessados em participar da licitação devem atender, tais como atividade compatível com objeto a ser licitado, cadastramento prévio no SICAF, definição do para cadastramento no SICAF; Situações sobre ME ou EPP","vedação quanto a não participação do certame - II","Descrição Empresas cujo vínculo de natureza técnica, comercial, econômico, financeira, trabalhista ou civil com dirigente do Órgão ou entidade contratantes. Pessoa física ou jurídica condenada judicialmente por exploração de trabalho infantil; escravo ou condições análogas; consorcio
","True","1. Sim, o critério específico ""informação sobre vedação quanto a não participar do certame"" está contemplado no edital. Ele aparece em diversas seções, incluindo:
    *   Item 6.1.7, que menciona a verificação de sanções que impeçam a participação no certame ou a futura contratação, referenciando o art. 14 da Lei nº 14.133/2021.
    *   Itens 10.1, 10.1.1 e 10.1.2, que detalham a consulta aos cadastros CEIS e CNEP para verificar a existência de sanções.
    *   Item 10.2, que estende a consulta aos cadastros ao sócio majoritário da empresa licitante.
    *   Item 10.3, que trata de Ocorrências Impeditivas Indiretas e a verificação de fraude.
    *   Item 6.1.9, que veda a participação de terceiros que auxiliem na condução da contratação e que estejam impedidos.
    *   Item 6.2 a), que impede a participação de empresa consorciada através de mais de um consórcio ou isoladamente.

2.  A relevância desse critério é alta, pois garante a integridade do processo licitatório e a seleção de empresas aptas a contratar com a administração pública. A verificação de impedimentos e sanções visa evitar a participação de empresas inidôneas ou que possuam conflitos de interesse, assegurando a lisura e a eficiência da contratação.

3.  Recomendações para aprimorar a inclusão ou a descrição desse critério:
    *   Consolidar todas as vedações em uma seção específica, facilitando a consulta e o entendimento por parte dos licitantes. Poderia haver uma seção intitulada ""Impedimentos à Participação"" que reunisse todas as condições que impedem um licitante de participar do certame.
    *   Seria útil incluir uma lista exaustiva de todas as situações que configuram impedimento, com referência expressa aos dispositivos legais aplicáveis (Lei 8.429/92, Lei 14.133/21, etc.).
    *   Detalhar o procedimento de verificação de Ocorrências Impeditivas Indiretas, especificando os critérios e as evidências que serão considerados para comprovar a fraude ou o uso fraudulento da personalidade jurídica.","1888","391","2279","3.6235296410000046"
"2a94fedd-b764-4084-a959-e59e15ea0416","gemini-2.0-flash","models/text-embedding-004","23519","5294","28813","47.293119790999754","","Apresentação da proposta","Define os critérios que os licitantes precisam cumprir para o pleno atendimento da apresentação de suas propostas","Apresentação da proposta pelo interessado na licitação","Descrição deve conter a informação sobre o meio de recebimento da proposta do interessado, identificação sobre o endereço de envio, definição da data e horário de recebimento da proposta; declarando que concorda com as condições estabelecidas no edital; que a proposta compreende a totalidade dos custos da contratação; não emprega menor de 18 anos em trabalho noturno, perigoso ou insalubre e também não emprega menor de 16 anos, salvo se na condição de aprendiz a partir de 14 anos de acordo com artigo 7 inciso XXXIII da Constituição Federal; Nã possui empregados executando atividade degradante ou forçado, conforme Inciso III e IV do artigo 1 e no Inciso III do artigo 5, ambos da Constituição Federal","True","1. Sim, o critério específico está contemplado no edital. Várias seções do edital contribuem para a definição do objeto a ser licitado, embora não haja uma seção explicitamente intitulada ""Definição do objeto a ser licitado"". As seções relevantes incluem:
    *   Cláusula 5.2: Especifica que a CONTRATADA deve ofertar produtos que obedeçam às especificações descritas no mapa comparativo anexo ao processo.
    *   Cláusula 5.3: Detalha as condições de entrega dos itens, incluindo a exigência de estarem em perfeito estado e livres de defeitos.
    *   Cláusula 8.14: Exige o preenchimento de campos no sistema eletrônico, incluindo valor unitário e total do item, marca/fabricante (quando cabível), e a apresentação da descrição detalhada do objeto em PDF, similar à especificação do Termo de Referência.
    *   Cláusula 10.12: Permite a colheita de manifestação escrita do setor requisitante ou área especializada para análise da proposta quanto ao cumprimento das especificações.
    *   Cláusulas 10.13-10.17: Detalham o processo de apresentação e avaliação de amostras, quando exigido.

2. A relevância desse critério é alta, pois a definição clara e objetiva do objeto da licitação é fundamental para garantir a seleção da proposta mais vantajosa para a administração pública. Sem uma definição precisa, há o risco de propostas que não atendam às necessidades da administração serem consideradas, ou de direcionamento do certame.

3. Recomendações para aprimorar a inclusão ou a descrição desse critério no edital:
    *   Criar uma seção específica intitulada ""Definição do Objeto da Licitação"" ou similar, consolidando todas as informações relevantes sobre o objeto, suas especificações técnicas, requisitos de qualidade, e critérios de aceitação.
    *   Garantir que o Termo de Referência (mencionado em diversas cláusulas) contenha uma descrição detalhada e inequívoca do objeto, evitando ambiguidades ou margem para interpretações subjetivas.
    *   Ser mais explícito quanto à proibição de direcionamento ou favorecimento no certame, reforçando a necessidade de especificações neutras e objetivas.","1835","339","2174","3.255198167999879"
"2a94fedd-b764-4084-a959-e59e15ea0416","gemini-2.0-flash","models/text-embedding-004","23519","5294","28813","47.293119790999754","","Apresentação da proposta","Define os critérios que os licitantes precisam cumprir para o pleno atendimento da apresentação de suas propostas","Preenchimento da proposta","Descrição informa sobre como deve ser preenchida a proposta pelos interessados, destacando, valor individual e total do item; atendimento das condições impostas no certame vinculadas ao edital; valores estão inclusos todos os custos operacionais, encargos previdenciários, trabalhistas, tributários, comerciais e outros que incidam direta ou indiretamente na execução do objeto licitado; especificação do prazo de validade da proposta ofertada;
","True","1. Sim, o critério específico ""Cadastro no SICAF e ramo de atividade compatível"" está contemplado no edital. Ele é abordado na seção ""VII – CONDIÇÕES DE PARTICIPAÇÃO:"", onde menciona que ""Somente serão admitidas a participar da licitação as empresas, que apresentarem os interessados credenciados, que atenderem a todas as exigências de habilitação contidas neste edital e seus anexos e que pertençam ao ramo de atividade pertinente ao objeto licitado;"".

2. A relevância desse critério é alta, pois ele estabelece uma das condições fundamentais para que uma empresa possa participar da licitação. Garante que apenas empresas com capacidade técnica e legal para executar o objeto da licitação sejam consideradas, aumentando as chances de sucesso na execução do contrato.

3. Para aprimorar a inclusão ou descrição desse critério, recomenda-se:
    *   **Especificar os requisitos de cadastramento no SICAF:** O edital poderia detalhar quais níveis de cadastramento no SICAF são necessários (ex: credenciamento, habilitação parcial, habilitação completa) e quais documentos devem ser apresentados para comprovar o cadastro.
    *   **Definir o que se entende por ""ramo de atividade pertinente"":** Para evitar ambiguidades e contestações, o edital poderia listar os códigos da Classificação Nacional de Atividades Econômicas (CNAE) que são considerados compatíveis com o objeto da licitação. Isso daria mais clareza aos licitantes e facilitaria a análise da compatibilidade pela comissão de licitação.","1872","302","2174","3.3487314450003396"
"2a94fedd-b764-4084-a959-e59e15ea0416","gemini-2.0-flash","models/text-embedding-004","23519","5294","28813","47.293119790999754","","Apresentação da proposta","Define os critérios que os licitantes precisam cumprir para o pleno atendimento da apresentação de suas propostas","Não acolhimento da proposta do interessado","Descrição Informar que Proposta que prevejam salários e auxilio alimentação inferior aos cotados pela administração será desclassificada
","True","1. Sim, o critério específico está contemplado no edital. Ele aparece em diversas seções, como:
   - Item 6.1.6: Menciona o tratamento favorecido para microempresas, empresas de pequeno porte, MEI e sociedades cooperativas, nos limites da Lei Complementar nº 123/2006 e Lei nº 14.133/2021.
   - Anexo VIII: Apresenta um modelo de declaração de enquadramento como Microempresa ou Empresa de Pequeno Porte.
   - Item 9.19: Detalha o processo de verificação automática do porte da empresa junto à Receita Federal e o tratamento diferenciado em caso de empate.

2. A relevância desse critério é alta, pois o edital demonstra preocupação em dar tratamento diferenciado e favorecido às micro e pequenas empresas, conforme previsto na legislação brasileira. Isso visa promover o desenvolvimento econômico local e ampliar a participação dessas empresas em licitações públicas, cumprindo com o disposto na Lei Complementar nº 123/2006 e na Lei nº 14.133/2021.

3. Recomendações para aprimorar a inclusão/descrição:
    *   Consolidar as informações sobre o tratamento diferenciado em uma seção específica do edital, facilitando a consulta e compreensão por parte dos licitantes.
    *   Detalhar os benefícios específicos concedidos às micro e pequenas empresas, como a preferência no desempate e a possibilidade de regularização fiscal posterior.
    *   Incluir um glossário com os termos técnicos relacionados ao tratamento diferenciado, como ""faixa de 5%"", ""desempate ficto"", etc.
    *   Esclarecer o procedimento para comprovação do enquadramento como ME ou EPP, incluindo os documentos necessários e os prazos para apresentação.","1432","362","1794","3.492103694999969"
"2a94fedd-b764-4084-a959-e59e15ea0416","gemini-2.0-flash","models/text-embedding-004","23519","5294","28813","47.293119790999754","","Apresentação da proposta","Define os critérios que os licitantes precisam cumprir para o pleno atendimento da apresentação de suas propostas","Da abertura da Sessão de licitação","Descrição informações relativas a abertura de licitação, se será presencial, virtual, com dia e horário; detalhamento sobre os lances ofertados;
","True","1. Sim, o critério específico ""informação sobre vedação quanto a não participar do certame"" está contemplado no edital. Ele aparece em diversas seções, incluindo:
    *   Item 6.1.7, que menciona a verificação de sanções que impeçam a participação no certame ou a futura contratação, referenciando o art. 14 da Lei nº 14.133/2021.
    *   Itens 10.1, 10.1.1 e 10.1.2, que detalham a consulta aos cadastros CEIS e CNEP para verificar a existência de sanções.
    *   Item 10.2, que estende a consulta aos cadastros ao sócio majoritário da empresa licitante.
    *   Item 10.3, que trata de Ocorrências Impeditivas Indiretas e a verificação de fraude.
    *   Item 6.1.9, que veda a participação de terceiros que auxiliem na condução da contratação e que estejam impedidos.
    *   Item 6.2 a), que impede a participação de empresa consorciada através de mais de um consórcio ou isoladamente.

2.  A relevância desse critério é alta, pois garante a integridade do processo licitatório e a seleção de empresas aptas a contratar com a administração pública. A verificação de impedimentos e sanções visa evitar a participação de empresas inidôneas ou que possuam conflitos de interesse, assegurando a lisura e a eficiência da contratação.

3.  Recomendações para aprimorar a inclusão ou a descrição desse critério:
    *   Consolidar todas as vedações em uma seção específica, facilitando a consulta e o entendimento por parte dos licitantes. Poderia haver uma seção intitulada ""Impedimentos à Participação"" que reunisse todas as condições que impedem um licitante de participar do certame.
    *   Seria útil incluir uma lista exaustiva de todas as situações que configuram impedimento, com referência expressa aos dispositivos legais aplicáveis (Lei 8.429/92, Lei 14.133/21, etc.).
    *   Detalhar o procedimento de verificação de Ocorrências Impeditivas Indiretas, especificando os critérios e as evidências que serão considerados para comprovar a fraude ou o uso fraudulento da personalidade jurídica.","1888","391","2279","3.6235296410000046"
"2a94fedd-b764-4084-a959-e59e15ea0416","gemini-2.0-flash","models/text-embedding-004","23519","5294","28813","47.293119790999754","","Apresentação da proposta","Define os critérios que os licitantes precisam cumprir para o pleno atendimento da apresentação de suas propostas","Do Julgamento da proposta apresentada pelo interessado","Descrição Definição dos critérios de julgamento da proposta do interessado, levando em consideração o artigo 14 de lei 14.133/2021; lei 8429/1992; Ocorrências impeditivas indiretas. informação quanto a desclassificação da proposta por vícios insanáveis, apresentação de preços inexequíveis ou acima do preço máximo definido no edital; proposta em desconformidade com exigências previstas no edital e seus anexos desde que sejam insaneáveis
","True","1. Sim, o critério específico ""vedação quanto a não participação do certame - II"" está contemplado no edital. Ele é abordado na seção 6.1.7, especificamente nas alíneas 'e' e 'g'. A alínea 'e' trata do vínculo de natureza técnica, comercial, econômica, financeira, trabalhista ou civil com dirigente do órgão ou entidade contratante. A alínea 'g' aborda a condenação judicial por exploração de trabalho infantil ou condições análogas à escravidão.

2. A relevância desse critério é alta. Ele visa garantir a integridade do processo licitatório, prevenindo conflitos de interesse e assegurando que empresas com histórico de exploração de trabalho infantil ou escravo não participem da licitação. Isso está alinhado com os princípios da Lei nº 14.133/2021, que busca promover a ética e a responsabilidade social nas contratações públicas.

3. Recomendações para aprimoramento:
   *   **Detalhar a definição de ""vínculo de natureza técnica, comercial, econômica, financeira, trabalhista ou civil""**: Fornecer exemplos concretos ou critérios mais específicos para determinar a existência desse vínculo, a fim de evitar interpretações ambíguas.
   *   **Especificar o alcance da vedação em relação a consórcios**: O edital menciona consórcios no título do critério específico, mas não detalha como a vedação se aplica a eles. É importante esclarecer se a vedação se estende a consórcios cujos membros possuam as restrições mencionadas.
   *   **Incluir referência à vedação de participação de empresas que praticaram assédio moral ou sexual**: Considerando a crescente importância dada à proteção dos direitos dos trabalhadores, seria recomendável incluir uma vedação para empresas com histórico comprovado de assédio moral ou sexual, alinhando o edital com as melhores práticas em responsabilidade social corporativa.","2072","371","2443","3.763848932000201"
"2a94fedd-b764-4084-a959-e59e15ea0416","gemini-2.0-flash","models/text-embedding-004","23519","5294","28813","47.293119790999754","","Apresentação da proposta","Define os critérios que os licitantes precisam cumprir para o pleno atendimento da apresentação de suas propostas","Nos casos de serviços com dedicação de mão de obra","Descrição Informação clara de que o licitante ou interessado, deva entregar junto com a propsota de preços os seguintes documentos: declaração sobre seu enquadramento sindical, atividade econômica preponderante e justificativa para adoção do Instrumento Acordo coletivo de trabalho qu se baseia sua proposta; copia da carta ou registro sindical o qual se declarou ser enquadrado; declaração que se responsabiliza ou erros no enquadramento sindical ; necessidade de entregar a guia da GFIP atualizada ou documento apto a comprova o Risco Ambiental do Trabalho, RAT Ajustado
","True","1. Sim, o critério específico está contemplado no edital. Ele aparece principalmente na seção 8.3 e em outras partes onde o licitante declara conformidade com diversas exigências legais e constitucionais.

2. A relevância desse critério é alta. Ele garante que os licitantes estejam cientes e em conformidade com as leis trabalhistas, a Constituição Federal e outras normas relevantes. Isso protege os direitos dos trabalhadores e assegura que a administração pública contrate empresas que atuem de forma ética e legal.

3. Recomendações para aprimorar:
   *   **Consolidação:** Embora as declarações estejam presentes, seria útil consolidar todas as declarações exigidas em uma seção específica e bem definida, talvez intitulada ""Declarações do Licitante"".
   *   **Formulário Padronizado:** Criar um formulário padronizado para as declarações, que possa ser preenchido e assinado eletronicamente, facilitaria o processo para os licitantes e para a administração pública.
   *   **Detalhes Adicionais:** Incluir detalhes adicionais sobre o que se espera em cada declaração, como exemplos de documentos comprobatórios ou referências específicas às leis e regulamentos pertinentes, poderia reduzir ambiguidades e garantir maior conformidade.","2169","428","2597","3.844565608999801"
"2a94fedd-b764-4084-a959-e59e15ea0416","gemini-2.0-flash","models/text-embedding-004","23519","5294","28813","47.293119790999754","","Da Habilitação","Relaciona-se a documentação que o interessado deva apresentar para demonstrar a capacidade de realizar o objeto da licitação","habilitação do licitante","Descrição Define os documentos necessários a habilitação do licitante , conforme previsto na lei 14.133/2021 em especial nos artigos 62,63,64,65,66,67,68,69,70.","True","1. Sim, o critério específico está contemplado no edital. Várias seções do edital contribuem para a definição do objeto a ser licitado, embora não haja uma seção explicitamente intitulada ""Definição do objeto a ser licitado"". As seções relevantes incluem:
    *   Cláusula 5.2: Especifica que a CONTRATADA deve ofertar produtos que obedeçam às especificações descritas no mapa comparativo anexo ao processo.
    *   Cláusula 5.3: Detalha as condições de entrega dos itens, incluindo a exigência de estarem em perfeito estado e livres de defeitos.
    *   Cláusula 8.14: Exige o preenchimento de campos no sistema eletrônico, incluindo valor unitário e total do item, marca/fabricante (quando cabível), e a apresentação da descrição detalhada do objeto em PDF, similar à especificação do Termo de Referência.
    *   Cláusula 10.12: Permite a colheita de manifestação escrita do setor requisitante ou área especializada para análise da proposta quanto ao cumprimento das especificações.
    *   Cláusulas 10.13-10.17: Detalham o processo de apresentação e avaliação de amostras, quando exigido.

2. A relevância desse critério é alta, pois a definição clara e objetiva do objeto da licitação é fundamental para garantir a seleção da proposta mais vantajosa para a administração pública. Sem uma definição precisa, há o risco de propostas que não atendam às necessidades da administração serem consideradas, ou de direcionamento do certame.

3. Recomendações para aprimorar a inclusão ou a descrição desse critério no edital:
    *   Criar uma seção específica intitulada ""Definição do Objeto da Licitação"" ou similar, consolidando todas as informações relevantes sobre o objeto, suas especificações técnicas, requisitos de qualidade, e critérios de aceitação.
    *   Garantir que o Termo de Referência (mencionado em diversas cláusulas) contenha uma descrição detalhada e inequívoca do objeto, evitando ambiguidades ou margem para interpretações subjetivas.
    *   Ser mais explícito quanto à proibição de direcionamento ou favorecimento no certame, reforçando a necessidade de especificações neutras e objetivas.","1835","339","2174","3.255198167999879"
"b087b25b-acbd-48cd-a642-07e50a5d2739","gemini-2.0-flash","models/text-embedding-004","23712","5078","28790","44.45114786800059","","Objeto da licitação","Campo do edital onde deve ser informado de maneira clara e objetiva o objeto que a adminsitração pública deseja licitar","Definição do objeto a ser licitado","Descrição Descreve o objeto da licitação a ser contratada de forma clara e objetiva, evitando direcionamento ou favorecimento no certame","True","O critério específico ""Definição do objeto a ser licitado"" está contemplado no edital, embora não explicitamente nomeado dessa forma. A seção ""8.14.5"" exige uma descrição detalhada do objeto na proposta em PDF, com informações similares à especificação do Termo de Referência, incluindo referência do produto, prazo de garantia, entrega, marca e fabricante. Além disso, o ""Anexo I – Termo de Referência"", mencionado na seção ""VIII - ANEXOS"", é o local onde a definição do objeto da licitação deve ser detalhada. A relevância desse critério é alta, pois garante que os licitantes compreendam precisamente o que está sendo solicitado, permitindo propostas mais precisas e evitando ambiguidades. Para aprimorar, o edital poderia explicitar a necessidade de uma descrição clara e objetiva do objeto no Termo de Referência, enfatizando a importância de evitar direcionamentos ou favorecimentos. Poderia também incluir um checklist de elementos mínimos que devem constar na descrição do objeto, como especificações técnicas, quantidades, padrões de qualidade, etc.","1831","251","2082","2.5518425109999043"
"b087b25b-acbd-48cd-a642-07e50a5d2739","gemini-2.0-flash","models/text-embedding-004","23712","5078","28790","44.45114786800059","","Participação na Licitação","Estabelece as condições que os interessados em participar da licitação devem atender, tais como atividade compatível com objeto a ser licitado, cadastramento prévio no SICAF, definição do para cadastramento no SICAF; Situações sobre ME ou EPP","Cadastro no SICAF e ramo de atividade compatível","Descrição Estabelece as condições para o licitante, tais como cadastro prévio no SICAF e ramo de atuação compatível ao objeto a ser licitado","True","O critério específico ""Definição do objeto a ser licitado"" está contemplado no edital, embora não explicitamente nomeado dessa forma. A seção ""8.14.5"" exige uma descrição detalhada do objeto na proposta em PDF, com informações similares à especificação do Termo de Referência, incluindo referência do produto, prazo de garantia, entrega, marca e fabricante. Além disso, o ""Anexo I – Termo de Referência"", mencionado na seção ""VIII - ANEXOS"", é o local onde a definição do objeto da licitação deve ser detalhada. A relevância desse critério é alta, pois garante que os licitantes compreendam precisamente o que está sendo solicitado, permitindo propostas mais precisas e evitando ambiguidades. Para aprimorar, o edital poderia explicitar a necessidade de uma descrição clara e objetiva do objeto no Termo de Referência, enfatizando a importância de evitar direcionamentos ou favorecimentos. Poderia também incluir um checklist de elementos mínimos que devem constar na descrição do objeto, como especificações técnicas, quantidades, padrões de qualidade, etc.","1831","251","2082","2.5518425109999043"
"b087b25b-acbd-48cd-a642-07e50a5d2739","gemini-2.0-flash","models/text-embedding-004","23712","5078","28790","44.45114786800059","","Participação na Licitação","Estabelece as condições que os interessados em participar da licitação devem atender, tais como atividade compatível com objeto a ser licitado, cadastramento prévio no SICAF, definição do para cadastramento no SICAF; Situações sobre ME ou EPP","Condições especiais sobre Micros e Pequenas Empresas","Descrição Estabelece as condições de acordo com a lei complementar 123/ sobre a participação de interessados na condição de micro ou pequenas empresas
","True","1. **O critério específico está contemplado no edital? Se sim, em qual seção ou parte?**

Sim, o critério específico de ""Cadastro no SICAF e ramo de atividade compatível"" está indiretamente contemplado no edital, embora não explicitamente mencionado dessa forma. A exigência de habilitação, mencionada nas seções:

*   ""DA HABILITAÇÃO""
*   ""g) que cumpre os requisitos para a habilitação definidos no Edital...""

Implica que o licitante deve atender a determinados requisitos para ser considerado habilitado, e o cadastro no SICAF (Sistema de Cadastramento Unificado de Fornecedores) é um requisito comum para habilitação em licitações públicas federais. Além disso, a compatibilidade do ramo de atividade com o objeto da licitação é verificada através da análise da documentação técnica apresentada (Atestado de Capacidade Técnica, por exemplo), conforme mencionado em:

*   ""Qualificação Técnica""

2. **Qual é a relevância desse critério no contexto geral do edital?**

A relevância do critério é alta. O cadastro no SICAF e a compatibilidade do ramo de atividade são cruciais para garantir que apenas empresas qualificadas e aptas a executar o objeto da licitação participem do processo. O SICAF garante que a empresa atende a requisitos básicos de regularidade fiscal, trabalhista e jurídica, enquanto a compatibilidade do ramo de atividade assegura a capacidade técnica para a execução do contrato.

3. **Há recomendações para aprimorar a inclusão ou a descrição desse critério no edital?**

Sim, recomenda-se aprimorar a inclusão e a descrição do critério no edital das seguintes formas:

*   **Mencionar explicitamente o SICAF:** Incluir uma seção específica sobre o cadastro no SICAF, detalhando a necessidade de inscrição, a categoria exigida (se houver), e como o licitante deve comprovar o cadastro.
*   **Detalhar a verificação da compatibilidade do ramo de atividade:** Explicitar como a compatibilidade do ramo de atividade será verificada, por exemplo, através da análise do CNAE (Classificação Nacional de Atividades Econômicas) da empresa e sua relação com o objeto da licitação.
*   **Incluir cláusula de inabilitação:** Adicionar uma cláusula que preveja a inabilitação do licitante caso não possua cadastro no SICAF válido ou cujo ramo de atividade não seja compatível com o objeto da licitação.","2039","207","2246","2.5898936019998473"
"b087b25b-acbd-48cd-a642-07e50a5d2739","gemini-2.0-flash","models/text-embedding-004","23712","5078","28790","44.45114786800059","","Participação na Licitação","Estabelece as condições que os interessados em participar da licitação devem atender, tais como atividade compatível com objeto a ser licitado, cadastramento prévio no SICAF, definição do para cadastramento no SICAF; Situações sobre ME ou EPP","informação sobre vedação quanto a não participar do certame","Descrição Informa no edital as questões relativas ao impedimento na licitação, sobre atividade incompatível com edital; cooperativas se for o caso, empresas estrangeiras sem representação no Brasil, autor de anteprojeto, projeto básico ou executivo pessoa física ou jurídica quando a licitação versar sobre serviços ou fornecimento de bens a ele relacionados; empresa isoladamente ou em consórcio responsável pela elaboração do projeto básico; pessoa física ou jurídica sob sanção ou punição aplicada
","True","O critério específico ""Condições especiais sobre Micros e Pequenas Empresas"" está contemplado no edital. 

1.  O critério está presente principalmente nas seções 6.1.6 e 9.19 até 9.19.4, que tratam do tratamento favorecido para microempresas, empresas de pequeno porte e MEI, além de detalhar o processo de desempate e convocação para melhor oferta.
2.  A relevância do critério é alta, pois ele garante a aplicação da Lei Complementar nº 123/2006, que visa promover o desenvolvimento e a competitividade das micro e pequenas empresas. Ao estabelecer condições específicas e tratamento diferenciado, o edital busca facilitar a participação dessas empresas na licitação, fomentando a diversidade de fornecedores e a economia local.
3.  Recomendações para aprimorar: 
    *   Consolidar todas as informações referentes ao tratamento diferenciado para ME/EPP em uma seção específica, facilitando a consulta e compreensão por parte dos licitantes.
    *   Incluir um resumo das principais vantagens oferecidas às ME/EPP, como a possibilidade de regularização fiscal posterior à habilitação e a preferência no desempate.
    *   Garantir que o sistema eletrônico de licitação esteja configurado para identificar corretamente as ME/EPP e aplicar automaticamente os benefícios previstos na lei.","2023","327","2350","3.1343872870002087"
"b087b25b-acbd-48cd-a642-07e50a5d2739","gemini-2.0-flash","models/text-embedding-004","23712","5078","28790","44.45114786800059","","Participação na Licitação","Estabelece as condições que os interessados em participar da licitação devem atender, tais como atividade compatível com objeto a ser licitado, cadastramento prévio no SICAF, definição do para cadastramento no SICAF; Situações sobre ME ou EPP","vedação quanto a não participação do certame - II","Descrição Empresas cujo vínculo de natureza técnica, comercial, econômico, financeira, trabalhista ou civil com dirigente do Órgão ou entidade contratantes. Pessoa física ou jurídica condenada judicialmente por exploração de trabalho infantil; escravo ou condições análogas; consorcio
","True","1. Sim, o critério específico ""informação sobre vedação quanto a não participar do certame"" está contemplado no edital. Ele é abordado principalmente na seção 6.1.7, que lista as situações em que um participante não pode disputar a licitação. Essa seção detalha diversas condições de impedimento, como não atender às condições do edital, ser autor do projeto relacionado à licitação, estar sob sanção, ter vínculo com o órgão contratante, ou ser empresa controladora/coligada concorrendo entre si. Além disso, a seção ""VII – CONDIÇÕES DE PARTICIPAÇÃO"" também aborda as condições para participação, incluindo a vedação a empresas declaradas inidôneas.

2. A relevância desse critério é alta. As vedações para participar do certame são cruciais para garantir a lisura, a igualdade de condições entre os concorrentes e a integridade do processo licitatório. Ao explicitar as situações que impedem a participação, o edital busca evitar conflitos de interesse, fraudes e outras irregularidades que possam comprometer o resultado da licitação e a escolha da proposta mais vantajosa para a administração pública.

3. Recomendações para aprimorar a inclusão ou a descrição desse critério no edital:

*   Consolidar as informações: Embora as vedações estejam presentes em diferentes partes do edital (6.1.7 e seção VII), seria útil consolidar todas as condições de impedimento em uma única seção, facilitando a consulta e a compreensão por parte dos interessados.
*   Detalhar as sanções: Especificar os tipos de sanções que impedem a participação na licitação, com referência às leis e regulamentos aplicáveis.
*   Esclarecer a vedação a agentes públicos: A redação sobre a vedação a agentes políticos e servidores públicos (seção VII) poderia ser mais clara, detalhando as exceções legais previstas em lei.
*   Incluir referência à Lei Anticorrupção: Mencionar a Lei nº 12.846/2013 (Lei Anticorrupção) como um dos fundamentos para as vedações, reforçando o compromisso com a integridade e a ética na licitação.","1905","329","2234","3.332962879000206"
"b087b25b-acbd-48cd-a642-07e50a5d2739","gemini-2.0-flash","models/text-embedding-004","23712","5078","28790","44.45114786800059","","Apresentação da proposta","Define os critérios que os licitantes precisam cumprir para o pleno atendimento da apresentação de suas propostas","Apresentação da proposta pelo interessado na licitação","Descrição deve conter a informação sobre o meio de recebimento da proposta do interessado, identificação sobre o endereço de envio, definição da data e horário de recebimento da proposta; declarando que concorda com as condições estabelecidas no edital; que a proposta compreende a totalidade dos custos da contratação; não emprega menor de 18 anos em trabalho noturno, perigoso ou insalubre e também não emprega menor de 16 anos, salvo se na condição de aprendiz a partir de 14 anos de acordo com artigo 7 inciso XXXIII da Constituição Federal; Nã possui empregados executando atividade degradante ou forçado, conforme Inciso III e IV do artigo 1 e no Inciso III do artigo 5, ambos da Constituição Federal","True","O critério específico ""Definição do objeto a ser licitado"" está contemplado no edital, embora não explicitamente nomeado dessa forma. A seção ""8.14.5"" exige uma descrição detalhada do objeto na proposta em PDF, com informações similares à especificação do Termo de Referência, incluindo referência do produto, prazo de garantia, entrega, marca e fabricante. Além disso, o ""Anexo I – Termo de Referência"", mencionado na seção ""VIII - ANEXOS"", é o local onde a definição do objeto da licitação deve ser detalhada. A relevância desse critério é alta, pois garante que os licitantes compreendam precisamente o que está sendo solicitado, permitindo propostas mais precisas e evitando ambiguidades. Para aprimorar, o edital poderia explicitar a necessidade de uma descrição clara e objetiva do objeto no Termo de Referência, enfatizando a importância de evitar direcionamentos ou favorecimentos. Poderia também incluir um checklist de elementos mínimos que devem constar na descrição do objeto, como especificações técnicas, quantidades, padrões de qualidade, etc.","1831","251","2082","2.5518425109999043"
"b087b25b-acbd-48cd-a642-07e50a5d2739","gemini-2.0-flash","models/text-embedding-004","23712","5078","28790","44.45114786800059","","Apresentação da proposta","Define os critérios que os licitantes precisam cumprir para o pleno atendimento da apresentação de suas propostas","Preenchimento da proposta","Descrição informa sobre como deve ser preenchida a proposta pelos interessados, destacando, valor individual e total do item; atendimento das condições impostas no certame vinculadas ao edital; valores estão inclusos todos os custos operacionais, encargos previdenciários, trabalhistas, tributários, comerciais e outros que incidam direta ou indiretamente na execução do objeto licitado; especificação do prazo de validade da proposta ofertada;
","True","1. **O critério específico está contemplado no edital? Se sim, em qual seção ou parte?**

Sim, o critério específico de ""Cadastro no SICAF e ramo de atividade compatível"" está indiretamente contemplado no edital, embora não explicitamente mencionado dessa forma. A exigência de habilitação, mencionada nas seções:

*   ""DA HABILITAÇÃO""
*   ""g) que cumpre os requisitos para a habilitação definidos no Edital...""

Implica que o licitante deve atender a determinados requisitos para ser considerado habilitado, e o cadastro no SICAF (Sistema de Cadastramento Unificado de Fornecedores) é um requisito comum para habilitação em licitações públicas federais. Além disso, a compatibilidade do ramo de atividade com o objeto da licitação é verificada através da análise da documentação técnica apresentada (Atestado de Capacidade Técnica, por exemplo), conforme mencionado em:

*   ""Qualificação Técnica""

2. **Qual é a relevância desse critério no contexto geral do edital?**

A relevância do critério é alta. O cadastro no SICAF e a compatibilidade do ramo de atividade são cruciais para garantir que apenas empresas qualificadas e aptas a executar o objeto da licitação participem do processo. O SICAF garante que a empresa atende a requisitos básicos de regularidade fiscal, trabalhista e jurídica, enquanto a compatibilidade do ramo de atividade assegura a capacidade técnica para a execução do contrato.

3. **Há recomendações para aprimorar a inclusão ou a descrição desse critério no edital?**

Sim, recomenda-se aprimorar a inclusão e a descrição do critério no edital das seguintes formas:

*   **Mencionar explicitamente o SICAF:** Incluir uma seção específica sobre o cadastro no SICAF, detalhando a necessidade de inscrição, a categoria exigida (se houver), e como o licitante deve comprovar o cadastro.
*   **Detalhar a verificação da compatibilidade do ramo de atividade:** Explicitar como a compatibilidade do ramo de atividade será verificada, por exemplo, através da análise do CNAE (Classificação Nacional de Atividades Econômicas) da empresa e sua relação com o objeto da licitação.
*   **Incluir cláusula de inabilitação:** Adicionar uma cláusula que preveja a inabilitação do licitante caso não possua cadastro no SICAF válido ou cujo ramo de atividade não seja compatível com o objeto da licitação.","2039","207","2246","2.5898936019998473"
"b087b25b-acbd-48cd-a642-07e50a5d2739","gemini-2.0-flash","models/text-embedding-004","23712","5078","28790","44.45114786800059","","Apresentação da proposta","Define os critérios que os licitantes precisam cumprir para o pleno atendimento da apresentação de suas propostas","Não acolhimento da proposta do interessado","Descrição Informar que Proposta que prevejam salários e auxilio alimentação inferior aos cotados pela administração será desclassificada
","True","O critério específico ""Condições especiais sobre Micros e Pequenas Empresas"" está contemplado no edital. 

1.  O critério está presente principalmente nas seções 6.1.6 e 9.19 até 9.19.4, que tratam do tratamento favorecido para microempresas, empresas de pequeno porte e MEI, além de detalhar o processo de desempate e convocação para melhor oferta.
2.  A relevância do critério é alta, pois ele garante a aplicação da Lei Complementar nº 123/2006, que visa promover o desenvolvimento e a competitividade das micro e pequenas empresas. Ao estabelecer condições específicas e tratamento diferenciado, o edital busca facilitar a participação dessas empresas na licitação, fomentando a diversidade de fornecedores e a economia local.
3.  Recomendações para aprimorar: 
    *   Consolidar todas as informações referentes ao tratamento diferenciado para ME/EPP em uma seção específica, facilitando a consulta e compreensão por parte dos licitantes.
    *   Incluir um resumo das principais vantagens oferecidas às ME/EPP, como a possibilidade de regularização fiscal posterior à habilitação e a preferência no desempate.
    *   Garantir que o sistema eletrônico de licitação esteja configurado para identificar corretamente as ME/EPP e aplicar automaticamente os benefícios previstos na lei.","2023","327","2350","3.1343872870002087"
"b087b25b-acbd-48cd-a642-07e50a5d2739","gemini-2.0-flash","models/text-embedding-004","23712","5078","28790","44.45114786800059","","Apresentação da proposta","Define os critérios que os licitantes precisam cumprir para o pleno atendimento da apresentação de suas propostas","Da abertura da Sessão de licitação","Descrição informações relativas a abertura de licitação, se será presencial, virtual, com dia e horário; detalhamento sobre os lances ofertados;
","True","1. Sim, o critério específico ""informação sobre vedação quanto a não participar do certame"" está contemplado no edital. Ele é abordado principalmente na seção 6.1.7, que lista as situações em que um participante não pode disputar a licitação. Essa seção detalha diversas condições de impedimento, como não atender às condições do edital, ser autor do projeto relacionado à licitação, estar sob sanção, ter vínculo com o órgão contratante, ou ser empresa controladora/coligada concorrendo entre si. Além disso, a seção ""VII – CONDIÇÕES DE PARTICIPAÇÃO"" também aborda as condições para participação, incluindo a vedação a empresas declaradas inidôneas.

2. A relevância desse critério é alta. As vedações para participar do certame são cruciais para garantir a lisura, a igualdade de condições entre os concorrentes e a integridade do processo licitatório. Ao explicitar as situações que impedem a participação, o edital busca evitar conflitos de interesse, fraudes e outras irregularidades que possam comprometer o resultado da licitação e a escolha da proposta mais vantajosa para a administração pública.

3. Recomendações para aprimorar a inclusão ou a descrição desse critério no edital:

*   Consolidar as informações: Embora as vedações estejam presentes em diferentes partes do edital (6.1.7 e seção VII), seria útil consolidar todas as condições de impedimento em uma única seção, facilitando a consulta e a compreensão por parte dos interessados.
*   Detalhar as sanções: Especificar os tipos de sanções que impedem a participação na licitação, com referência às leis e regulamentos aplicáveis.
*   Esclarecer a vedação a agentes públicos: A redação sobre a vedação a agentes políticos e servidores públicos (seção VII) poderia ser mais clara, detalhando as exceções legais previstas em lei.
*   Incluir referência à Lei Anticorrupção: Mencionar a Lei nº 12.846/2013 (Lei Anticorrupção) como um dos fundamentos para as vedações, reforçando o compromisso com a integridade e a ética na licitação.","1905","329","2234","3.332962879000206"
"b087b25b-acbd-48cd-a642-07e50a5d2739","gemini-2.0-flash","models/text-embedding-004","23712","5078","28790","44.45114786800059","","Apresentação da proposta","Define os critérios que os licitantes precisam cumprir para o pleno atendimento da apresentação de suas propostas","Do Julgamento da proposta apresentada pelo interessado","Descrição Definição dos critérios de julgamento da proposta do interessado, levando em consideração o artigo 14 de lei 14.133/2021; lei 8429/1992; Ocorrências impeditivas indiretas. informação quanto a desclassificação da proposta por vícios insanáveis, apresentação de preços inexequíveis ou acima do preço máximo definido no edital; proposta em desconformidade com exigências previstas no edital e seus anexos desde que sejam insaneáveis
","True","1. Sim, o critério específico está contemplado no edital. Ele pode ser encontrado na seção 6.1.7, especificamente nas alíneas 'e' e 'g', que tratam de vínculos com dirigentes do órgão contratante e condenações judiciais por exploração de trabalho infantil ou condições análogas à escravidão. A seção 6.2 trata da participação de consórcios.

2. A relevância desse critério é alta. Ele visa garantir a integridade, a imparcialidade e a legalidade do processo licitatório. Impedir a participação de empresas com vínculos inadequados com o órgão contratante ou com histórico de exploração de trabalho protege o interesse público e assegura uma competição justa.

3. Recomendações para aprimorar:
   *   **Detalhar as situações de conflito de interesse:** A alínea 'e' poderia ser mais específica sobre quais tipos de vínculos (técnicos, comerciais, etc.) configuram um conflito de interesse, fornecendo exemplos práticos para facilitar a interpretação.
   *   **Ampliar a abrangência da alínea 'g':** Considerar a inclusão de outras infrações graves, como crimes ambientais ou corrupção, que também poderiam comprometer a idoneidade do licitante.
   *   **Consórcios:** A seção 6.2 poderia ser mais detalhada quanto aos critérios de avaliação e habilitação de consórcios, incluindo a responsabilidade solidária dos membros e a necessidade de apresentação de documentos específicos de cada empresa consorciada.","1781","375","2156","3.377923222999925"
"b087b25b-acbd-48cd-a642-07e50a5d2739","gemini-2.0-flash","models/text-embedding-004","23712","5078","28790","44.45114786800059","","Apresentação da proposta","Define os critérios que os licitantes precisam cumprir para o pleno atendimento da apresentação de suas propostas","Nos casos de serviços com dedicação de mão de obra","Descrição Informação clara de que o licitante ou interessado, deva entregar junto com a propsota de preços os seguintes documentos: declaração sobre seu enquadramento sindical, atividade econômica preponderante e justificativa para adoção do Instrumento Acordo coletivo de trabalho qu se baseia sua proposta; copia da carta ou registro sindical o qual se declarou ser enquadrado; declaração que se responsabiliza ou erros no enquadramento sindical ; necessidade de entregar a guia da GFIP atualizada ou documento apto a comprova o Risco Ambiental do Trabalho, RAT Ajustado
","True","O critério específico está contemplado no edital, principalmente na seção 8.3, que detalha as declarações que o licitante deve fazer ao cadastrar a proposta inicial. Essa seção abrange diversos pontos do critério, como a concordância com as condições do edital, a integralidade dos custos, o cumprimento das leis trabalhistas e a não utilização de trabalho infantil ou degradante. A relevância desse critério é alta, pois garante a conformidade legal e ética dos licitantes, além de assegurar que a proposta financeira inclua todos os custos necessários. Para aprimorar a inclusão, poderia haver uma seção mais explícita sobre o meio de recebimento das propostas e o endereço de envio, embora isso possa estar implícito no uso do 'sistema eletrônico'. Além disso, detalhar as consequências da não conformidade com cada declaração poderia fortalecer o critério.","1969","365","2334","3.4130742309998823"
"b087b25b-acbd-48cd-a642-07e50a5d2739","gemini-2.0-flash","models/text-embedding-004","23712","5078","28790","44.45114786800059","","Da Habilitação","Relaciona-se a documentação que o interessado deva apresentar para demonstrar a capacidade de realizar o objeto da licitação","habilitação do licitante","Descrição Define os documentos necessários a habilitação do licitante , conforme previsto na lei 14.133/2021 em especial nos artigos 62,63,64,65,66,67,68,69,70.","True","O critério específico ""Definição do objeto a ser licitado"" está contemplado no edital, embora não explicitamente nomeado dessa forma. A seção ""8.14.5"" exige uma descrição detalhada do objeto na proposta em PDF, com informações similares à especificação do Termo de Referência, incluindo referência do produto, prazo de garantia, entrega, marca e fabricante. Além disso, o ""Anexo I – Termo de Referência"", mencionado na seção ""VIII - ANEXOS"", é o local onde a definição do objeto da licitação deve ser detalhada. A relevância desse critério é alta, pois garante que os licitantes compreendam precisamente o que está sendo solicitado, permitindo propostas mais precisas e evitando ambiguidades. Para aprimorar, o edital poderia explicitar a necessidade de uma descrição clara e objetiva do objeto no Termo de Referência, enfatizando a importância de evitar direcionamentos ou favorecimentos. Poderia também incluir um checklist de elementos mínimos que devem constar na descrição do objeto, como especificações técnicas, quantidades, padrões de qualidade, etc.","1831","251","2082","2.5518425109999043"
"340d8245-bd10-4e43-985e-ec0479d2e497","gemini-2.0-flash","models/text-embedding-004","23103","4890","27993","47.35701385300035","","Objeto da licitação","Campo do edital onde deve ser informado de maneira clara e objetiva o objeto que a adminsitração pública deseja licitar","Definição do objeto a ser licitado","Descrição Descreve o objeto da licitação a ser contratada de forma clara e objetiva, evitando direcionamento ou favorecimento no certame","False","O edital apresenta seções que abordam indiretamente a definição do objeto da licitação, mas não há uma seção explicitamente dedicada a descrever o objeto de forma clara e objetiva, evitando direcionamento ou favorecimento. A seção 8.14.5 menciona a necessidade de uma descrição detalhada do objeto na proposta em PDF, o que sugere uma tentativa de definir o objeto, mas não garante que essa definição seja clara, objetiva e imparcial. A seção 8.15 afirma que todas as especificações do objeto contidas na proposta vinculam o licitante, o que reforça a importância da definição do objeto, mas não a explicita. A menção ao Termo de Referência nas seções 8.14.5 e 10.13 sugere que a definição detalhada do objeto pode estar contida nesse documento, que não está incluído no trecho do edital fornecido. Portanto, a presença do critério específico é indireta e depende da qualidade da definição do objeto no Termo de Referência.","2039","237","2276","2.963992431999941"
"340d8245-bd10-4e43-985e-ec0479d2e497","gemini-2.0-flash","models/text-embedding-004","23103","4890","27993","47.35701385300035","","Participação na Licitação","Estabelece as condições que os interessados em participar da licitação devem atender, tais como atividade compatível com objeto a ser licitado, cadastramento prévio no SICAF, definição do para cadastramento no SICAF; Situações sobre ME ou EPP","Cadastro no SICAF e ramo de atividade compatível","Descrição Estabelece as condições para o licitante, tais como cadastro prévio no SICAF e ramo de atuação compatível ao objeto a ser licitado","False","O edital apresenta seções que abordam indiretamente a definição do objeto da licitação, mas não há uma seção explicitamente dedicada a descrever o objeto de forma clara e objetiva, evitando direcionamento ou favorecimento. A seção 8.14.5 menciona a necessidade de uma descrição detalhada do objeto na proposta em PDF, o que sugere uma tentativa de definir o objeto, mas não garante que essa definição seja clara, objetiva e imparcial. A seção 8.15 afirma que todas as especificações do objeto contidas na proposta vinculam o licitante, o que reforça a importância da definição do objeto, mas não a explicita. A menção ao Termo de Referência nas seções 8.14.5 e 10.13 sugere que a definição detalhada do objeto pode estar contida nesse documento, que não está incluído no trecho do edital fornecido. Portanto, a presença do critério específico é indireta e depende da qualidade da definição do objeto no Termo de Referência.","2039","237","2276","2.963992431999941"
"340d8245-bd10-4e43-985e-ec0479d2e497","gemini-2.0-flash","models/text-embedding-004","23103","4890","27993","47.35701385300035","","Participação na Licitação","Estabelece as condições que os interessados em participar da licitação devem atender, tais como atividade compatível com objeto a ser licitado, cadastramento prévio no SICAF, definição do para cadastramento no SICAF; Situações sobre ME ou EPP","Condições especiais sobre Micros e Pequenas Empresas","Descrição Estabelece as condições de acordo com a lei complementar 123/ sobre a participação de interessados na condição de micro ou pequenas empresas
","True","1. Sim, o critério específico ""Cadastro no SICAF e ramo de atividade compatível"" está contemplado no edital. A seção que aborda esse critério é a que menciona os ""interessados credenciados, que atenderem a todas as exigências de habilitação contidas neste edital e seus anexos e que pertençam ao ramo de atividade pertinente ao objeto licitado"".

2. A relevância desse critério é alta, pois ele estabelece um dos requisitos fundamentais para que uma empresa possa participar da licitação. Ao exigir o cadastro no SICAF e a pertinência do ramo de atividade, o edital busca garantir que apenas empresas aptas e com experiência na área do objeto licitado possam concorrer, aumentando as chances de sucesso na execução do contrato.

3. Uma recomendação para aprimorar a inclusão desse critério seria detalhar de forma mais explícita os requisitos específicos do cadastro no SICAF que são necessários para a habilitação, bem como os códigos CNAE (Classificação Nacional de Atividades Econômicas) aceitáveis para comprovar a pertinência do ramo de atividade. Isso evitaria ambiguidades e facilitaria a compreensão por parte dos licitantes.","1369","276","1645","3.1400975960000324"
"340d8245-bd10-4e43-985e-ec0479d2e497","gemini-2.0-flash","models/text-embedding-004","23103","4890","27993","47.35701385300035","","Participação na Licitação","Estabelece as condições que os interessados em participar da licitação devem atender, tais como atividade compatível com objeto a ser licitado, cadastramento prévio no SICAF, definição do para cadastramento no SICAF; Situações sobre ME ou EPP","informação sobre vedação quanto a não participar do certame","Descrição Informa no edital as questões relativas ao impedimento na licitação, sobre atividade incompatível com edital; cooperativas se for o caso, empresas estrangeiras sem representação no Brasil, autor de anteprojeto, projeto básico ou executivo pessoa física ou jurídica quando a licitação versar sobre serviços ou fornecimento de bens a ele relacionados; empresa isoladamente ou em consórcio responsável pela elaboração do projeto básico; pessoa física ou jurídica sob sanção ou punição aplicada
","True","Sim, o critério específico sobre as condições especiais para Microempresas (ME) e Empresas de Pequeno Porte (EPP) está contemplado no edital. Várias seções do edital abordam o tema:

*   **Anexo VIII:** Apresenta um modelo de declaração de enquadramento como ME ou EPP, que os licitantes devem preencher e entregar.
*   **Seção 6.1.6:** Menciona o tratamento favorecido para ME, EPP, e MEI, em conformidade com a Lei Complementar nº 123/2006.
*   **Seção 9.19:** Detalha o processo de verificação automática do porte da empresa junto à Receita Federal e a aplicação dos artigos 44 e 45 da Lei Complementar nº 123/2006, incluindo a faixa de 5% para desempate.

A relevância desse critério é alta, pois a Lei Complementar nº 123/2006 estabelece um tratamento diferenciado para ME e EPP em licitações públicas, visando fomentar o desenvolvimento dessas empresas. O edital demonstra preocupação em aplicar essa legislação, o que é fundamental para garantir a participação e competitividade das ME e EPP.

Recomendações para aprimorar:

*   Poderia haver uma seção consolidada que explique de forma mais clara e concisa todos os benefícios e condições específicas para ME/EPP, como a documentação necessária, os critérios de desempate, e os procedimentos para exercer o direito de preferência. Isso facilitaria a compreensão por parte dos licitantes.
*   Detalhar melhor como o direito de preferência é aplicado na prática, especialmente em relação à comprovação da regularidade fiscal, conforme previsto na Lei Complementar nº 123/2006.
*   Incluir um glossário com os termos técnicos relacionados a ME/EPP, como ""tratamento diferenciado"", ""direito de preferência"", e ""regularidade fiscal"".","2088","258","2346","3.161773327999981"
"340d8245-bd10-4e43-985e-ec0479d2e497","gemini-2.0-flash","models/text-embedding-004","23103","4890","27993","47.35701385300035","","Participação na Licitação","Estabelece as condições que os interessados em participar da licitação devem atender, tais como atividade compatível com objeto a ser licitado, cadastramento prévio no SICAF, definição do para cadastramento no SICAF; Situações sobre ME ou EPP","vedação quanto a não participação do certame - II","Descrição Empresas cujo vínculo de natureza técnica, comercial, econômico, financeira, trabalhista ou civil com dirigente do Órgão ou entidade contratantes. Pessoa física ou jurídica condenada judicialmente por exploração de trabalho infantil; escravo ou condições análogas; consorcio
","True","1. Sim, o critério específico ""informação sobre vedação quanto a não participar do certame"" está contemplado no edital. Ele aparece principalmente na seção 6.1.7, que lista as condições de participação e as vedações, como a participação de agente público do órgão contratante e licitantes sob sanção. A seção 10.1 também menciona a verificação de sanções que impeçam a participação no certame.

2. A relevância desse critério é alta, pois assegura a integridade e a lisura do processo licitatório. Impedir a participação de pessoas ou empresas com conflitos de interesse, sob sanção ou com histórico de irregularidades garante a igualdade de condições entre os licitantes e protege o interesse público. A verificação mencionada na seção 10.1 reforça essa relevância.

3. Recomendações para aprimorar:
    *   Consolidar todas as vedações em uma única seção, facilitando a consulta.
    *   Detalhar as sanções que acarretam impedimento, com referência à legislação aplicável.
    *   Incluir um checklist para a verificação das vedações, assegurando que todos os aspectos sejam considerados durante a análise dos licitantes.","1989","295","2284","3.4075349889999416"
"340d8245-bd10-4e43-985e-ec0479d2e497","gemini-2.0-flash","models/text-embedding-004","23103","4890","27993","47.35701385300035","","Apresentação da proposta","Define os critérios que os licitantes precisam cumprir para o pleno atendimento da apresentação de suas propostas","Apresentação da proposta pelo interessado na licitação","Descrição deve conter a informação sobre o meio de recebimento da proposta do interessado, identificação sobre o endereço de envio, definição da data e horário de recebimento da proposta; declarando que concorda com as condições estabelecidas no edital; que a proposta compreende a totalidade dos custos da contratação; não emprega menor de 18 anos em trabalho noturno, perigoso ou insalubre e também não emprega menor de 16 anos, salvo se na condição de aprendiz a partir de 14 anos de acordo com artigo 7 inciso XXXIII da Constituição Federal; Nã possui empregados executando atividade degradante ou forçado, conforme Inciso III e IV do artigo 1 e no Inciso III do artigo 5, ambos da Constituição Federal","False","O edital apresenta seções que abordam indiretamente a definição do objeto da licitação, mas não há uma seção explicitamente dedicada a descrever o objeto de forma clara e objetiva, evitando direcionamento ou favorecimento. A seção 8.14.5 menciona a necessidade de uma descrição detalhada do objeto na proposta em PDF, o que sugere uma tentativa de definir o objeto, mas não garante que essa definição seja clara, objetiva e imparcial. A seção 8.15 afirma que todas as especificações do objeto contidas na proposta vinculam o licitante, o que reforça a importância da definição do objeto, mas não a explicita. A menção ao Termo de Referência nas seções 8.14.5 e 10.13 sugere que a definição detalhada do objeto pode estar contida nesse documento, que não está incluído no trecho do edital fornecido. Portanto, a presença do critério específico é indireta e depende da qualidade da definição do objeto no Termo de Referência.","2039","237","2276","2.963992431999941"
"340d8245-bd10-4e43-985e-ec0479d2e497","gemini-2.0-flash","models/text-embedding-004","23103","4890","27993","47.35701385300035","","Apresentação da proposta","Define os critérios que os licitantes precisam cumprir para o pleno atendimento da apresentação de suas propostas","Preenchimento da proposta","Descrição informa sobre como deve ser preenchida a proposta pelos interessados, destacando, valor individual e total do item; atendimento das condições impostas no certame vinculadas ao edital; valores estão inclusos todos os custos operacionais, encargos previdenciários, trabalhistas, tributários, comerciais e outros que incidam direta ou indiretamente na execução do objeto licitado; especificação do prazo de validade da proposta ofertada;
","True","1. Sim, o critério específico ""Cadastro no SICAF e ramo de atividade compatível"" está contemplado no edital. A seção que aborda esse critério é a que menciona os ""interessados credenciados, que atenderem a todas as exigências de habilitação contidas neste edital e seus anexos e que pertençam ao ramo de atividade pertinente ao objeto licitado"".

2. A relevância desse critério é alta, pois ele estabelece um dos requisitos fundamentais para que uma empresa possa participar da licitação. Ao exigir o cadastro no SICAF e a pertinência do ramo de atividade, o edital busca garantir que apenas empresas aptas e com experiência na área do objeto licitado possam concorrer, aumentando as chances de sucesso na execução do contrato.

3. Uma recomendação para aprimorar a inclusão desse critério seria detalhar de forma mais explícita os requisitos específicos do cadastro no SICAF que são necessários para a habilitação, bem como os códigos CNAE (Classificação Nacional de Atividades Econômicas) aceitáveis para comprovar a pertinência do ramo de atividade. Isso evitaria ambiguidades e facilitaria a compreensão por parte dos licitantes.","1369","276","1645","3.1400975960000324"
"340d8245-bd10-4e43-985e-ec0479d2e497","gemini-2.0-flash","models/text-embedding-004","23103","4890","27993","47.35701385300035","","Apresentação da proposta","Define os critérios que os licitantes precisam cumprir para o pleno atendimento da apresentação de suas propostas","Não acolhimento da proposta do interessado","Descrição Informar que Proposta que prevejam salários e auxilio alimentação inferior aos cotados pela administração será desclassificada
","True","Sim, o critério específico sobre as condições especiais para Microempresas (ME) e Empresas de Pequeno Porte (EPP) está contemplado no edital. Várias seções do edital abordam o tema:

*   **Anexo VIII:** Apresenta um modelo de declaração de enquadramento como ME ou EPP, que os licitantes devem preencher e entregar.
*   **Seção 6.1.6:** Menciona o tratamento favorecido para ME, EPP, e MEI, em conformidade com a Lei Complementar nº 123/2006.
*   **Seção 9.19:** Detalha o processo de verificação automática do porte da empresa junto à Receita Federal e a aplicação dos artigos 44 e 45 da Lei Complementar nº 123/2006, incluindo a faixa de 5% para desempate.

A relevância desse critério é alta, pois a Lei Complementar nº 123/2006 estabelece um tratamento diferenciado para ME e EPP em licitações públicas, visando fomentar o desenvolvimento dessas empresas. O edital demonstra preocupação em aplicar essa legislação, o que é fundamental para garantir a participação e competitividade das ME e EPP.

Recomendações para aprimorar:

*   Poderia haver uma seção consolidada que explique de forma mais clara e concisa todos os benefícios e condições específicas para ME/EPP, como a documentação necessária, os critérios de desempate, e os procedimentos para exercer o direito de preferência. Isso facilitaria a compreensão por parte dos licitantes.
*   Detalhar melhor como o direito de preferência é aplicado na prática, especialmente em relação à comprovação da regularidade fiscal, conforme previsto na Lei Complementar nº 123/2006.
*   Incluir um glossário com os termos técnicos relacionados a ME/EPP, como ""tratamento diferenciado"", ""direito de preferência"", e ""regularidade fiscal"".","2088","258","2346","3.161773327999981"
"340d8245-bd10-4e43-985e-ec0479d2e497","gemini-2.0-flash","models/text-embedding-004","23103","4890","27993","47.35701385300035","","Apresentação da proposta","Define os critérios que os licitantes precisam cumprir para o pleno atendimento da apresentação de suas propostas","Da abertura da Sessão de licitação","Descrição informações relativas a abertura de licitação, se será presencial, virtual, com dia e horário; detalhamento sobre os lances ofertados;
","True","1. Sim, o critério específico ""informação sobre vedação quanto a não participar do certame"" está contemplado no edital. Ele aparece principalmente na seção 6.1.7, que lista as condições de participação e as vedações, como a participação de agente público do órgão contratante e licitantes sob sanção. A seção 10.1 também menciona a verificação de sanções que impeçam a participação no certame.

2. A relevância desse critério é alta, pois assegura a integridade e a lisura do processo licitatório. Impedir a participação de pessoas ou empresas com conflitos de interesse, sob sanção ou com histórico de irregularidades garante a igualdade de condições entre os licitantes e protege o interesse público. A verificação mencionada na seção 10.1 reforça essa relevância.

3. Recomendações para aprimorar:
    *   Consolidar todas as vedações em uma única seção, facilitando a consulta.
    *   Detalhar as sanções que acarretam impedimento, com referência à legislação aplicável.
    *   Incluir um checklist para a verificação das vedações, assegurando que todos os aspectos sejam considerados durante a análise dos licitantes.","1989","295","2284","3.4075349889999416"
"340d8245-bd10-4e43-985e-ec0479d2e497","gemini-2.0-flash","models/text-embedding-004","23103","4890","27993","47.35701385300035","","Apresentação da proposta","Define os critérios que os licitantes precisam cumprir para o pleno atendimento da apresentação de suas propostas","Do Julgamento da proposta apresentada pelo interessado","Descrição Definição dos critérios de julgamento da proposta do interessado, levando em consideração o artigo 14 de lei 14.133/2021; lei 8429/1992; Ocorrências impeditivas indiretas. informação quanto a desclassificação da proposta por vícios insanáveis, apresentação de preços inexequíveis ou acima do preço máximo definido no edital; proposta em desconformidade com exigências previstas no edital e seus anexos desde que sejam insaneáveis
","True","1. Sim, o critério específico está contemplado no edital. As vedações à participação no certame, incluindo vínculos técnicos, comerciais, econômicos, financeiros, trabalhistas ou civis com dirigentes do órgão contratante, bem como condenações judiciais por exploração de trabalho infantil ou condições análogas à escravidão, são abordadas na seção que trata das condições de participação e impedimentos. Especificamente, as alíneas 'e' e 'g' tratam dessas questões.

2. A relevância desse critério é alta, pois garante a lisura e a isonomia do processo licitatório. Impedir a participação de empresas com vínculos que possam comprometer a imparcialidade ou que tenham histórico de exploração de trabalho infantil/escravo é fundamental para a integridade da contratação pública.

3. Recomendações:
    *   Embora o edital mencione as vedações, poderia ser mais explícito sobre os mecanismos de verificação desses impedimentos, detalhando como a administração pública irá investigar possíveis vínculos ou condenações. Por exemplo, especificar quais bancos de dados serão consultados.
    *   Poderia ser incluída uma declaração de responsabilidade por parte dos licitantes, onde afirmem não se enquadrar em nenhuma das vedações previstas no edital, sujeitando-se às sanções cabíveis em caso de declaração falsa.","1966","319","2285","3.590312327999982"
"340d8245-bd10-4e43-985e-ec0479d2e497","gemini-2.0-flash","models/text-embedding-004","23103","4890","27993","47.35701385300035","","Apresentação da proposta","Define os critérios que os licitantes precisam cumprir para o pleno atendimento da apresentação de suas propostas","Nos casos de serviços com dedicação de mão de obra","Descrição Informação clara de que o licitante ou interessado, deva entregar junto com a propsota de preços os seguintes documentos: declaração sobre seu enquadramento sindical, atividade econômica preponderante e justificativa para adoção do Instrumento Acordo coletivo de trabalho qu se baseia sua proposta; copia da carta ou registro sindical o qual se declarou ser enquadrado; declaração que se responsabiliza ou erros no enquadramento sindical ; necessidade de entregar a guia da GFIP atualizada ou documento apto a comprova o Risco Ambiental do Trabalho, RAT Ajustado
","True","1. Sim, o critério específico está contemplado no edital, principalmente nas seções 8.3, 8.3.1, 8.3.2 e 8.3.3. A seção 8.3 detalha as declarações que o licitante deve fazer no cadastramento da proposta inicial, abrangendo a concordância com as condições do edital, a integralidade dos custos, o cumprimento das leis trabalhistas (incluindo a proibição de trabalho infantil e degradante) e o cumprimento dos requisitos de habilitação.

2. A relevância desse critério é alta, pois garante que os licitantes estejam cientes e concordem com as condições do edital, que a proposta cubra todos os custos (incluindo os trabalhistas), e que cumpram as leis trabalhistas e a Constituição Federal. Isso minimiza riscos futuros de disputas legais ou financeiras e assegura a conformidade com as normas vigentes.

3. Recomendações para aprimorar a inclusão ou descrição:
   *   **Consolidar em uma seção:** Agrupar todas as declarações e compromissos exigidos dos licitantes em uma seção específica e claramente intitulada ""Declarações do Licitante"" ou similar. Isso facilita a consulta e compreensão.
   *   **Formulário Padronizado:** Criar um formulário padronizado para as declarações, que possa ser preenchido e assinado eletronicamente pelos licitantes. Isso garante a uniformidade e facilita a verificação.
   *   **Detalhar o ""Endereço de Envio"" da Proposta:** Embora o edital mencione o sistema eletrônico, explicitar o endereço eletrônico ou link para o envio da proposta.
   *   **Reforçar a questão dos custos:** Incluir uma observação explícita de que a não consideração de todos os custos (trabalhistas, tributários, etc.) na proposta pode levar à desclassificação.
   *   **Atualizar referências:** Verificar se as referências à Constituição Federal (artigos 1º e 5º) estão atualizadas e completas.
   *   **Incluir a Lei 14.133/2021:** Mencionar explicitamente a necessidade de atendimento à Lei nº 14.133/2021 (Nova Lei de Licitações e Contratos Administrativos) em relação à apresentação da proposta e aos critérios de habilitação.","1628","389","2017","3.8206715110000005"
"340d8245-bd10-4e43-985e-ec0479d2e497","gemini-2.0-flash","models/text-embedding-004","23103","4890","27993","47.35701385300035","","Da Habilitação","Relaciona-se a documentação que o interessado deva apresentar para demonstrar a capacidade de realizar o objeto da licitação","habilitação do licitante","Descrição Define os documentos necessários a habilitação do licitante , conforme previsto na lei 14.133/2021 em especial nos artigos 62,63,64,65,66,67,68,69,70.","False","O edital apresenta seções que abordam indiretamente a definição do objeto da licitação, mas não há uma seção explicitamente dedicada a descrever o objeto de forma clara e objetiva, evitando direcionamento ou favorecimento. A seção 8.14.5 menciona a necessidade de uma descrição detalhada do objeto na proposta em PDF, o que sugere uma tentativa de definir o objeto, mas não garante que essa definição seja clara, objetiva e imparcial. A seção 8.15 afirma que todas as especificações do objeto contidas na proposta vinculam o licitante, o que reforça a importância da definição do objeto, mas não a explicita. A menção ao Termo de Referência nas seções 8.14.5 e 10.13 sugere que a definição detalhada do objeto pode estar contida nesse documento, que não está incluído no trecho do edital fornecido. Portanto, a presença do critério específico é indireta e depende da qualidade da definição do objeto no Termo de Referência.","2039","237","2276","2.963992431999941"
